<?xml version="1.0" encoding="ISO-8859-1"?><cdm xmlns:ndm="urn:ccsds:recommendation:navigation:schema:ndmxml" xmlns:xsi="http://www.w3.org/2001/XMLSchema-instance" id="CCSDS_CDM_VERS" version="1.0" xsi:noNamespaceSchemaLocation="http://sanaregistry.org/r/ndmxml/ndmxml-1.0-master.xsd"><header><COMMENT>Secondary = CDM: CSpOC.14_33201115511 (TCA: 02/12/2023 18:37:14.848Z)</COMMENT><COMMENT>CREATION_ORIGIN :CSpOC.14_33201115511.231202_1837.6805.SAT_1_2024_001A.N00001.N20923.4769.345</COMMENT><COMMENT>SECONDARY_SOURCE :JSpOC</COMMENT><COMMENT>EVENT_ID:CA-24001A-90094A-202312021836</COMMENT><CREATION_DATE>2023-11-28T02:22:38.815</CREATION_DATE><ORIGINATOR>CAESAR</ORIGINATOR><MESSAGE_FOR>SAT_1</MESSAGE_FOR><MESSAGE_ID>TRJ18806328</MESSAGE_ID></header><body><relativeMetadataData><TCA>2023-12-02T18:37:14.777</TCA><MISS_DISTANCE units="m">4772.359683969186</MISS_DISTANCE><RELATIVE_SPEED units="m/s">725.2699170401662</RELATIVE_SPEED><relativeStateVector><RELATIVE_POSITION_R units="m">344.90742025190144</RELATIVE_POSITION_R><RELATIVE_POSITION_T units="m">4726.382735102276</RELATIVE_POSITION_T><RELATIVE_POSITION_N units="m">563.7038814455515</RELATIVE_POSITION_N><RELATIVE_VELOCITY_R units="m/s">-0.509265651287039</RELATIVE_VELOCITY_R><RELATIVE_VELOCITY_T units="m/s">-85.87910619565668</RELATIVE_VELOCITY_T><RELATIVE_VELOCITY_N units="m/s">720.1673224542898</RELATIVE_VELOCITY_N></relativeStateVector><START_SCREEN_PERIOD>2023-11-28T00:09:00.000</START_SCREEN_PERIOD><STOP_SCREEN_PERIOD>2023-12-12T00:09:00.000</STOP_SCREEN_PERIOD><SCREEN_VOLUME_FRAME>RTN</SCREEN_VOLUME_FRAME><SCREEN_VOLUME_SHAPE>BOX</SCREEN_VOLUME_SHAPE><SCREEN_VOLUME_X units="m">24000.0</SCREEN_VOLUME_X><SCREEN_VOLUME_Y units="m">436800.0</SCREEN_VOLUME_Y><SCREEN_VOLUME_Z units="m">36000.0</SCREEN_VOLUME_Z><SCREEN_ENTRY_TIME>2023-12-02T18:36:14.848</SCREEN_ENTRY_TIME><SCREEN_EXIT_TIME>2023-12-02T18:38:14.847</SCREEN_EXIT_TIME></relativeMetadataData><segment><metadata><OBJECT>OBJECT1</OBJECT><OBJECT_DESIGNATOR>00001</OBJECT_DESIGNATOR><CATALOG_NAME>SATCAT</CATALOG_NAME><OBJECT_NAME>SAT_1</OBJECT_NAME><INTERNATIONAL_DESIGNATOR>2024-001A</INTERNATIONAL_DESIGNATOR><OBJECT_TYPE>UNKNOWN</OBJECT_TYPE><EPHEMERIS_NAME>2024-001A_SAT_1_OPER_20231124T150500_S20231124T150000_E20231227T120000.jspoc</EPHEMERIS_NAME><COVARIANCE_METHOD>CALCULATED</COVARIANCE_METHOD><MANEUVERABLE>YES</MANEUVERABLE><REF_FRAME>ITRF</REF_FRAME></metadata><data><odParameters/><additionalParameters><COMMENT>JAC_LAST_ACC_OB = N/A</COMMENT><AREA_PC units="m**2">1231.6299839133426</AREA_PC></additionalParameters><stateVector><X units="km">41841.2214074389</X><Y units="km">-5327.6059999661375</Y><Z units="km">-18.51521765312614</Z><X_DOT units="km/s">0.0017040076211631003</X_DOT><Y_DOT units="km/s">-0.0023182571368215578</Y_DOT><Z_DOT units="km/s">0.003993008359935554</Z_DOT></stateVector><covarianceMatrix><CR_R units="m**2">1317.6899999999955</CR_R><CT_R units="m**2">-6.139450059450269E-12</CT_R><CT_T units="m**2">227528.44608060663</CT_T><CN_R units="m**2">1.0658141036401503E-14</CN_R><CN_T units="m**2">-4.263256414560601E-14</CN_T><CN_N units="m**2">45329.99443832017</CN_N><CRDOT_R units="m**2/s">-1.4444114036348682E-16</CRDOT_R><CRDOT_T units="m**2/s">-16.580404415157005</CRDOT_T><CRDOT_N units="m**2/s">3.469446951953614E-18</CRDOT_N><CRDOT_RDOT units="m**2/s**2">0.0012082436957037248</CRDOT_RDOT><CTDOT_R units="m**2/s">0.0960224247568067</CTDOT_R><CTDOT_T units="m**2/s">4.1194805497557556E-17</CTDOT_T><CTDOT_N units="m**2/s">3.2526065174565133E-19</CTDOT_N><CTDOT_RDOT units="m**2/s**2">-6.053195924033391E-20</CTDOT_RDOT><CTDOT_TDOT units="m**2/s**2">6.9973256655029785E-6</CTDOT_TDOT><CNDOT_R units="m**2/s">-7.415883572814158E-25</CNDOT_R><CNDOT_T units="m**2/s">2.201249134317554E-24</CNDOT_T><CNDOT_N units="m**2/s">1.6940643020517795E-21</CNDOT_N><CNDOT_RDOT units="m**2/s**2">-1.0095421625014848E-22</CNDOT_RDOT><CNDOT_TDOT units="m**2/s**2">-3.1916045001022764E-23</CNDOT_TDOT><CNDOT_NDOT units="m**2/s**2">-2.7220365570857983E-27</CNDOT_NDOT><CDRG_R units="m**3/kg">0.0</CDRG_R><CDRG_T units="m**3/kg">0.0</CDRG_T><CDRG_N units="m**3/kg">0.0</CDRG_N><CDRG_RDOT units="m**3/(kg*s)">0.0</CDRG_RDOT><CDRG_TDOT units="m**3/(kg*s)">0.0</CDRG_TDOT><CDRG_NDOT units="m**3/(kg*s)">0.0</CDRG_NDOT><CDRG_DRG units="m**4/kg**2">0.0</CDRG_DRG><CSRP_R units="m**3/kg">0.0</CSRP_R><CSRP_T units="m**3/kg">0.0</CSRP_T><CSRP_N units="m**3/kg">0.0</CSRP_N><CSRP_RDOT units="m**3/(kg*s)">0.0</CSRP_RDOT><CSRP_TDOT units="m**3/(kg*s)">0.0</CSRP_TDOT><CSRP_NDOT units="m**3/(kg*s)">0.0</CSRP_NDOT><CSRP_DRG units="m**4/kg**2">0.0</CSRP_DRG><CSRP_SRP units="m**4/kg**2">0.0</CSRP_SRP></covarianceMatrix></data></segment><segment><metadata><OBJECT>OBJECT2</OBJECT><OBJECT_DESIGNATOR>20923</OBJECT_DESIGNATOR><CATALOG_NAME>SATCAT</CATALOG_NAME><OBJECT_NAME>GORIZONT 21</OBJECT_NAME><INTERNATIONAL_DESIGNATOR>1990-094A</INTERNATIONAL_DESIGNATOR><OBJECT_TYPE>UNKNOWN</OBJECT_TYPE><EPHEMERIS_NAME>NONE</EPHEMERIS_NAME><COVARIANCE_METHOD>CALCULATED</COVARIANCE_METHOD><MANEUVERABLE>NO</MANEUVERABLE><REF_FRAME>ITRF</REF_FRAME><GRAVITY_MODEL>EIGEN GL04S: 8D 8O</GRAVITY_MODEL><ATMOSPHERIC_MODEL>NONE</ATMOSPHERIC_MODEL><N_BODY_PERTURBATIONS>MOON,SUN</N_BODY_PERTURBATIONS><SOLAR_RAD_PRESSURE>YES</SOLAR_RAD_PRESSURE><EARTH_TIDES>NO</EARTH_TIDES></metadata><data><odParameters><TIME_LASTOB_START>2023-11-27T01:12:38.994</TIME_LASTOB_START><TIME_LASTOB_END>2023-11-28T01:12:38.994</TIME_LASTOB_END><RECOMMENDED_OD_SPAN units="d">27.44</RECOMMENDED_OD_SPAN><ACTUAL_OD_SPAN units="d">27.44</ACTUAL_OD_SPAN><OBS_AVAILABLE>391</OBS_AVAILABLE><OBS_USED>391</OBS_USED><RESIDUALS_ACCEPTED units="%">99.0</RESIDUALS_ACCEPTED><WEIGHTED_RMS>1.013</WEIGHTED_RMS></odParameters><additionalParameters><COMMENT>JAC_LAST_ACC_OB = Greater Than (&gt;) 48 Hours</COMMENT><AREA_PC units="m**2">101.93376457451753</AREA_PC><CR_AREA_OVER_MASS units="m**2/kg">0.007262642425999999</CR_AREA_OVER_MASS></additionalParameters><stateVector><X units="km">41842.16069372357</X><Y units="km">-5322.9617989968865</Y><Z units="km">-17.945519850995435</Z><X_DOT units="km/s">-0.009453062673252192</X_DOT><Y_DOT units="km/s">-0.08841408855193779</Y_DOT><Z_DOT units="km/s">0.7240483884300386</Z_DOT></stateVector><covarianceMatrix><CR_R units="m**2">16536.858733790785</CR_R><CT_R units="m**2">-31078.424360550485</CT_R><CT_T units="m**2">705374.8373179017</CT_T><CN_R units="m**2">-67.96518569372508</CN_R><CN_T units="m**2">220.55886364339426</CN_T><CN_N units="m**2">724.9534284623074</CN_N><CRDOT_R units="m**2/s">2.09203065770665</CRDOT_R><CRDOT_T units="m**2/s">-50.94602963614014</CRDOT_T><CRDOT_N units="m**2/s">-0.013991167717328779</CRDOT_N><CRDOT_RDOT units="m**2/s**2">0.003683358311697784</CRDOT_RDOT><CTDOT_R units="m**2/s">-1.1907615189136953</CTDOT_R><CTDOT_T units="m**2/s">1.8625899135530262</CTDOT_T><CTDOT_N units="m**2/s">0.004844029103074132</CTDOT_N><CTDOT_RDOT units="m**2/s**2">-1.2333429096431732E-4</CTDOT_RDOT><CTDOT_TDOT units="m**2/s**2">8.59658557784428E-5</CTDOT_TDOT><CNDOT_R units="m**2/s">-0.007625396251404042</CNDOT_R><CNDOT_T units="m**2/s">-0.04877955852947934</CNDOT_T><CNDOT_N units="m**2/s">0.0351748489284126</CNDOT_N><CNDOT_RDOT units="m**2/s**2">3.668226852946357E-6</CNDOT_RDOT><CNDOT_TDOT units="m**2/s**2">5.850568602188008E-7</CNDOT_TDOT><CNDOT_NDOT units="m**2/s**2">6.742684226439659E-5</CNDOT_NDOT><CDRG_R units="m**3/kg">0.0</CDRG_R><CDRG_T units="m**3/kg">0.0</CDRG_T><CDRG_N units="m**3/kg">0.0</CDRG_N><CDRG_RDOT units="m**3/(kg*s)">0.0</CDRG_RDOT><CDRG_TDOT units="m**3/(kg*s)">0.0</CDRG_TDOT><CDRG_NDOT units="m**3/(kg*s)">0.0</CDRG_NDOT><CDRG_DRG units="m**4/kg**2">0.0</CDRG_DRG><CSRP_R units="m**3/kg">0.0</CSRP_R><CSRP_T units="m**3/kg">0.0</CSRP_T><CSRP_N units="m**3/kg">0.0</CSRP_N><CSRP_RDOT units="m**3/(kg*s)">0.0</CSRP_RDOT><CSRP_TDOT units="m**3/(kg*s)">0.0</CSRP_TDOT><CSRP_NDOT units="m**3/(kg*s)">0.0</CSRP_NDOT><CSRP_DRG units="m**4/kg**2">0.0</CSRP_DRG><CSRP_SRP units="m**4/kg**2">0.0</CSRP_SRP></covarianceMatrix></data></segment></body></cdm>